﻿{
  "_title": [ "狼人杀" ],
  "_author": [ "于言诺（3406451799）" ],
  "_date": [ "2022/9/3" ],
  "_version": [ "1.0.0" ],
  "_updateDate": ["2022/9/3"],
  "_brief": [ "用来和狼人杀.yaml搭配的牌堆" ],
  "_keys": [],
  "_8人局": [
    "村民",
    "村民",
    "村民",
    "狼人",
    "狼人",
    "预言家",
    "女巫",
    "猎人"
  ],
  "_12人局": [
    "村民",
    "村民",
    "村民",
    "村民",
    "狼人",
    "狼人",
    "狼人",
    "白狼王",
    "预言家",
    "女巫",
    "猎人",
    "守卫"
  ],
  "8人局": [ "{_8人局}" ],
  "12人局": [ "{_12人局}" ]
}